	movie_ids
0	3189
1	3207
2	3216
3	3233
4	3239
5	3323
6	3366
7	3467
8	3854
9	3906
10	3961
11	4057
12	4064
13	4068
14	4072
15	4076
16	4132
17	4152
18	4252
19	4354
20	4681
21	4869
22	4999
23	5000
24	5044
25	5076
26	5078
27	5123
28	5161
29	5171
30	5324
31	5914
32	5915
33	5959
34	6057
35	6058
36	6097
37	6163
38	6166
39	6185
40	6425
41	7062
42	7149
43	7202
44	7212
45	7232
46	7235
47	7247
48	7320
49	7755
50	8779
51	8860
52	8862
53	8865
54	8901
55	8903
56	8929
57	8935
58	8939
59	9417
60	9419
61	9420
62	9432
63	9438
64	9441
65	9443
66	9448
67	9514
68	9739
69	9753
70	9775
71	9779
72	9782
73	9797
74	9807
75	9816
76	9818
77	9821
78	10059
79	10143
80	10156
81	10157
82	10178
83	10227
84	10234
85	10241
