	user_ids
0	3
1	6
2	7
3	8
4	12
5	13
6	14
7	17
8	18
9	29
10	34
11	35
12	36
13	38
14	45
15	47
16	51
17	53
18	70
19	73
20	75
21	78
22	81
23	82
24	87
25	88
26	96
27	97
28	99
29	109
30	122
31	123
32	124
33	125
34	126
35	127
36	129
37	137
38	139
39	143
40	144
41	146
42	149
43	154
44	155
45	160
46	161
47	162
48	169
49	171
50	175
51	179
52	182
53	187
54	190
55	192
56	195
57	198
58	212
59	213
60	214
61	215
62	216
63	222
64	226
65	230
66	238
67	246
68	249
69	253
70	254
71	259
72	262
73	263
74	267
75	272
76	275
77	276
78	279
79	280
80	289
81	291
82	292
83	296
84	298
85	301
86	302
87	303
88	304
89	307
90	310
91	314
92	318
93	323
94	324
95	325
96	330
97	331
98	335
99	336
100	347
101	348
102	353
103	354
104	358
105	359
106	368
107	372
108	380
109	386
110	387
111	388
112	389
113	390
114	396
115	401
116	402
117	407
118	414
119	419
120	424
121	426
122	431
123	434
124	435
125	438
126	439
127	440
128	449
129	450
130	451
131	452
132	458
133	459
134	463
135	465
136	469
137	476
138	477
139	480
140	481
141	482
142	487
143	491
144	493
145	496
146	497
147	498
148	503
149	508
150	509
151	516
152	524
153	529
154	532
155	533
156	543
157	545
158	546
159	552
160	554
161	555
162	558
163	559
164	561
165	571
166	572
167	573
168	579
169	587
170	591
171	600
172	603
173	608
174	616
175	621
176	622
177	627
178	632
179	633
180	635
181	636
182	637
183	639
184	649
185	650
186	657
187	658
188	659
189	660
190	666
191	667
192	668
193	672
194	675
195	681
196	683
197	688
198	691
199	696
200	697
201	699
202	704
203	705
204	711
205	714
206	716
207	723
208	728
209	736
210	742
211	745
212	746
213	750
214	754
215	767
216	772
217	779
218	783
219	784
220	786
221	788
222	793
223	794
224	798
225	803
226	805
227	809
228	815
229	817
230	818
231	819
232	820
233	821
234	825
235	826
236	833
237	837
238	841
239	857
240	859
241	860
242	861
243	867
244	869
245	874
246	883
247	886
248	887
249	890
250	893
251	894
252	902
253	906
254	909
255	912
256	915
257	921
258	922
259	925
260	928
261	935
262	936
263	940
264	949
265	954
266	958
267	962
268	963
269	964
270	966
271	971
272	972
273	974
274	980
275	983
276	985
277	988
278	993
279	994
280	998
281	1008
282	1018
283	1021
284	1026
285	1027
286	1030
287	1033
288	1035
289	1041
290	1045
291	1047
292	1052
293	1053
294	1055
295	1060
296	1063
297	1064
298	1065
299	1068
300	1072
301	1075
302	1077
303	1085
304	1090
305	1093
306	1099
307	1101
308	1105
309	1111
310	1112
311	1118
312	1122
313	1127
314	1131
315	1132
316	1135
317	1139
318	1140
319	1151
320	1154
321	1158
322	1160
323	1163
324	1168
325	1169
326	1173
327	1174
328	1177
329	1178
330	1186
331	1197
332	1198
333	1202
334	1203
335	1208
336	1209
337	1214
338	1218
339	1219
340	1220
341	1223
342	1224
343	1230
344	1231
345	1235
346	1236
347	1237
348	1245
349	1248
350	1252
351	1256
352	1262
353	1263
354	1267
355	1270
356	1271
357	1278
358	1281
359	1282
360	1287
361	1288
362	1289
363	1293
364	1294
365	1297
366	1301
367	1302
368	1304
369	1313
370	1318
371	1320
372	1321
373	1322
374	1323
375	1326
376	1327
377	1328
378	1333
379	1334
380	1336
381	1354
382	1355
383	1360
384	1361
385	1367
386	1373
387	1374
388	1377
389	1378
390	1383
391	1384
392	1387
393	1388
394	1391
395	1392
396	1393
397	1395
398	1397
399	1398
400	1403
401	1406
402	1407
403	1408
404	1410
405	1412
406	1413
407	1417
408	1418
409	1419
410	1423
411	1424
412	1427
413	1432
414	1434
415	1435
416	1436
417	1439
418	1440
419	1441
420	1442
421	1445
422	1446
423	1449
424	1450
425	1454
426	1460
427	1466
428	1467
429	1478
430	1479
431	1480
432	1483
433	1484
434	1485
435	1488
436	1489
437	1490
438	1496
439	1499
440	1500
441	1503
442	1504
443	1510
444	1514
445	1519
446	1520
447	1527
448	1530
449	1532
450	1536
451	1537
452	1541
453	1546
454	1547
455	1552
456	1557
457	1562
458	1564
459	1566
460	1567
461	1568
462	1569
463	1571
464	1573
465	1582
466	1587
467	1590
468	1593
469	1597
470	1606
471	1609
472	1611
473	1612
474	1617
475	1618
476	1619
477	1620
478	1621
479	1629
480	1632
481	1639
482	1640
483	1644
484	1645
485	1649
486	1650
487	1651
488	1652
489	1663
490	1668
491	1669
492	1672
493	1674
494	1690
495	1695
496	1697
497	1704
498	1705
499	1709
